feature,importance
petal length (cm),0.5585682957393484
petal width (cm),0.406015037593985
sepal width (cm),0.02916666666666666
sepal length (cm),0.0062499999999999995
